Assigned ID	Source	serial number	media type	component	additional component	without	pH	strain type	strain info	Phase	Cultivation	Growth Rate	OD	bioreactor	passed_global_correlation	condition	project	reference_condition	full_name	passed_replicate_correlations
GSM5197020_1	1	GSM5197020	CGXII	glucose				wild type	WT	stationary			30.0	False	True	Condition526	P1	Condition195	P1:Condition526	True
GSM5197021_2	2	GSM5197021	CGXII	glucose				wild type	WT	stationary			4.0	False	True	Condition126	P1	Condition195	P1:Condition126	True
GSM5197022_2	2	GSM5197022	CGXII	glucose				wild type	WT	stationary			4.0	False	True	Condition126	P1	Condition195	P1:Condition126	True
GSM5197023_1	1	GSM5197023	CGXII	glucose				wild type	WT	stationary			30.0	False	True	Condition526	P1	Condition195	P1:Condition526	True
GSM5197024_2	2	GSM5197024	CGXII	glucose				wild type	WT	stationary			5.0	False	True	Condition527	P1	Condition195	P1:Condition527	True
GSM5197025_2	2	GSM5197025	CGXII	glucose				wild type	WT	stationary			5.0	False	True	Condition527	P1	Condition195	P1:Condition527	True
GSM5197049_1	1	GSM5197049	CGXII	glutamine	oxoproline	(NH4)2SO4, urea		wild type	WT	exponential				False	True	Condition34	P1	Condition195	P1:Condition34	True
GSM5197049_2	2	GSM5197049	CGXII	glutamine	oxoproline	urea, (NH4)2SO4		wild type	WT	exponential				False	True	Condition206	P1	Condition195	P1:Condition206	True
GSM5197050_1	1	GSM5197050	CGXII	glutamine	oxoproline	(NH4)2SO4, urea		wild type	WT	exponential				False	True	Condition34	P1	Condition195	P1:Condition34	True
GSM5197051_2	2	GSM5197051	CGXII	glutamine		urea, (NH4)2SO4		wild type	WT	exponential				False	True	Condition206	P1	Condition195	P1:Condition206	True
GSM5197054_1	1	GSM5197054	CGXII	glutamate		(NH4)2SO4, urea		wild type	WT	exponential				False	True	Condition396	P1	Condition195	P1:Condition396	True
GSM5197055_1	1	GSM5197055	CGXII	glutamate		(NH4)2SO4, urea		wild type	WT	exponential				False	True	Condition396	P1	Condition195	P1:Condition396	True
GSM5197065_1	1	GSM5197065	CGXII	GABA	K2SO4	(NH4)2SO4, urea		wild type	WT	exponential				False	True	Condition476	P1	Condition195	P1:Condition476	True
GSM5197065_2	2	GSM5197065	CGXII	GABA	K2SO4	urea, (NH4)2SO4		wild type	WT	exponential				False	True	Condition477	P1	Condition195	P1:Condition477	True
GSM5197066_1	1	GSM5197066	CGXII	GABA	K2SO4	(NH4)2SO4, urea		wild type	WT	exponential				False	True	Condition476	P1	Condition195	P1:Condition476	True
GSM5197066_2	2	GSM5197066	CGXII	GABA	K2SO4	urea, (NH4)2SO4		wild type	WT	exponential				False	True	Condition477	P1	Condition195	P1:Condition477	True
GSM5197091_1	1	GSM5197091	CGXII	adipate				wild type	WT	exponential				False	True	Condition417	P1	Condition195	P1:Condition417	True
GSM5197091_2	2	GSM5197091	CGXII	adipate				wild type	WT	exponential				False	True	Condition332	P1	Condition195	P1:Condition332	True
GSM5197092_1	1	GSM5197092	CGXII	adipate				wild type	WT	exponential				False	True	Condition417	P1	Condition195	P1:Condition417	True
GSM5197092_2	2	GSM5197092	CGXII	adipate				wild type	WT	exponential				False	True	Condition332	P1	Condition195	P1:Condition332	True
GSM5197094_1	1	GSM5197094	CGXII	oxoadipate				wild type	WT	exponential				False	True	Condition376	P1	Condition195	P1:Condition376	True
GSM5197094_2	2	GSM5197094	CGXII	oxoadipate				wild type	WT	exponential				False	True	Condition102	P1	Condition195	P1:Condition102	True
GSM5197095_1	1	GSM5197095	CGXII	oxoadipate				wild type	WT	exponential				False	True	Condition376	P1	Condition195	P1:Condition376	True
GSM5197095_2	2	GSM5197095	CGXII	oxoadipate				wild type	WT	exponential				False	True	Condition102	P1	Condition195	P1:Condition102	True
GSM5197096_1	1	GSM5197096	CGXII	oxoadipate				wild type	WT	exponential				False	True	Condition376	P1	Condition195	P1:Condition376	True
GSM5197096_2	2	GSM5197096	CGXII	oxoadipate				wild type	WT	exponential				False	True	Condition102	P1	Condition195	P1:Condition102	True
GSM5197115_1	1	GSM5197115	CGXII	nitrite				wild type	WT	exponential				False	True	Condition74	P1	Condition195	P1:Condition74	True
GSM5197116_1	1	GSM5197116	CGXII	nitrite				wild type	WT	exponential				False	True	Condition74	P1	Condition195	P1:Condition74	True
GSM5197124_1	1	GSM5197124	CGXII	KNO2				wild type	WT	exponential				False	True	Condition461	P1	Condition195	P1:Condition461	True
GSM5197124_2	2	GSM5197124	CGXII	KNO2				wild type	WT	exponential				False	True	Condition497	P1	Condition195	P1:Condition497	True
GSM5197125_1	1	GSM5197125	CGXII	KNO2				wild type	WT	exponential				False	True	Condition461	P1	Condition195	P1:Condition461	True
GSM5197125_2	2	GSM5197125	CGXII	KNO2				wild type	WT	exponential				False	True	Condition497	P1	Condition195	P1:Condition497	True
GSM5197129_1	1	GSM5197129	CGXII	KNO3				wild type	WT	exponential				False	True	Condition329	P1	Condition195	P1:Condition329	True
GSM5197129_2	2	GSM5197129	CGXII	KNO3				wild type	WT	exponential				False	True	Condition409	P1	Condition195	P1:Condition409	True
GSM5197130_1	1	GSM5197130	CGXII	KNO3				wild type	WT	exponential				False	True	Condition329	P1	Condition195	P1:Condition329	True
GSM5197130_2	2	GSM5197130	CGXII	KNO3				wild type	WT	exponential				False	True	Condition409	P1	Condition195	P1:Condition409	True
GSM5197135_2	2	GSM5197135	CGXII	Na2S				wild type	WT	exponential				False	True	Condition224	P1	Condition195	P1:Condition224	True
GSM5197136_2	2	GSM5197136	CGXII	Na2S				wild type	WT	exponential				False	True	Condition224	P1	Condition195	P1:Condition224	True
GSM5197139_1	1	GSM5197139	CGXII	glucose	Fe2S	(NH4)2SO4		wild type	WT	exponential				False	True	Condition88	P1	Condition195	P1:Condition88	True
GSM5197141_1	1	GSM5197141	CGXII	glucose	Fe2S	(NH4)2SO4		wild type	WT	exponential				False	True	Condition88	P1	Condition195	P1:Condition88	True
GSM5197144_1	1	GSM5197144	CGXII	bromoresveratol				wild type	WT	exponential				False	True	Condition11	P1	Condition195	P1:Condition11	True
GSM5197144_2	2	GSM5197144	CGXII	bromoresveratol				wild type	WT	exponential				False	True	Condition3	P1	Condition195	P1:Condition3	True
GSM5197145_1	1	GSM5197145	CGXII	bromoresveratol				wild type	WT	exponential				False	True	Condition11	P1	Condition195	P1:Condition11	True
GSM5197145_2	2	GSM5197145	CGXII	bromoresveratol				wild type	WT	exponential				False	True	Condition3	P1	Condition195	P1:Condition3	True
GSM5197146_1	1	GSM5197146	CGXII	bromoresveratol				wild type	WT	exponential				False	True	Condition11	P1	Condition195	P1:Condition11	True
GSM5197146_2	2	GSM5197146	CGXII	bromoresveratol				wild type	WT	exponential				False	True	Condition3	P1	Condition195	P1:Condition3	True
GSM5197147_1	1	GSM5197147	CGXII	bromoresveratol				wild type	WT	exponential				False	True	Condition140	P1	Condition195	P1:Condition140	True
GSM5197148_1	1	GSM5197148	CGXII	bromoresveratol				wild type	WT	exponential				False	True	Condition140	P1	Condition195	P1:Condition140	True
GSM5197150_1	1	GSM5197150	CGXII	glyphosate				wild type	WT	exponential				False	True	Condition216	P1	Condition195	P1:Condition216	True
GSM5197150_2	2	GSM5197150	CGXII	glyphosate				wild type	WT	exponential				False	True	Condition247	P1	Condition195	P1:Condition247	True
GSM5197151_1	1	GSM5197151	CGXII	glyphosate				wild type	WT	exponential				False	True	Condition216	P1	Condition195	P1:Condition216	True
GSM5197151_2	2	GSM5197151	CGXII	glyphosate				wild type	WT	exponential				False	True	Condition247	P1	Condition195	P1:Condition247	True
GSM5197153_1	1	GSM5197153	CGXII	bacitracin				wild type	WT	exponential				False	True	Condition174	P1	Condition195	P1:Condition174	True
GSM5197153_2	2	GSM5197153	CGXII	bacitracin				wild type	WT	exponential				False	True	Condition23	P1	Condition195	P1:Condition23	True
GSM5197154_2	2	GSM5197154	CGXII	bacitracin				wild type	WT	exponential				False	True	Condition23	P1	Condition195	P1:Condition23	True
GSM5197155_1	1	GSM5197155	CGXII	bacitracin				wild type	WT	exponential				False	True	Condition174	P1	Condition195	P1:Condition174	True
GSM5197155_2	2	GSM5197155	CGXII	bacitracin				wild type	WT	exponential				False	True	Condition23	P1	Condition195	P1:Condition23	True
GSM5197158_1	1	GSM5197158	CGXII	glucose				wild type	WT	exponential	1 h after addition of mitomycin C			False	True	Condition159	P1	Condition195	P1:Condition159	True
GSM5197158_2	2	GSM5197158	CGXII	glucose				wild type	WT	exponential	1 h after addition of mitomycin C			False	True	Condition484	P1	Condition195	P1:Condition484	True
GSM5197159_1	1	GSM5197159	CGXII	glucose				wild type	WT	exponential	1 h after addition of mitomycin C			False	True	Condition159	P1	Condition195	P1:Condition159	True
GSM5197159_2	2	GSM5197159	CGXII	glucose				wild type	WT	exponential	1 h after addition of mitomycin C			False	True	Condition484	P1	Condition195	P1:Condition484	True
GSM5197160_1	1	GSM5197160	CGXII	glucose				wild type	WT	exponential	1 h after addition of mitomycin C			False	True	Condition159	P1	Condition195	P1:Condition159	True
GSM5197160_2	2	GSM5197160	CGXII	glucose				wild type	WT	exponential	1 h after addition of mitomycin C			False	True	Condition484	P1	Condition195	P1:Condition484	True
GSM5197169_2	2	GSM5197169	CGXII	glucose		CuSO4		wild type	WT	exponential				False	True	Condition199	P1	Condition195	P1:Condition199	True
GSM5197170_2	2	GSM5197170	CGXII	glucose		CuSO4		wild type	WT	exponential				False	True	Condition199	P1	Condition195	P1:Condition199	True
GSM5197176_2	2	GSM5197176	CGXII	glucose	150 µM r bathocuproine disulfonate ( BCS )	CuSO4		wild type	WT	exponential				False	True	Condition128	P1	Condition195	P1:Condition128	True
GSM5197177_2	2	GSM5197177	CGXII	glucose	150 µM r bathocuproine disulfonate ( BCS )	CuSO4		wild type	WT	exponential				False	True	Condition128	P1	Condition195	P1:Condition128	True
GSM5197182_1	1	GSM5197182	CGXII	glucose	1 µM FeSO4			wild type	WT	exponential			1.7	False	True	Condition346	P1	Condition195	P1:Condition346	True
GSM5197182_2	2	GSM5197182	CGXII	glucose	1 µM FeSO4			wild type	WT	exponential			1.7	False	True	Condition294	P1	Condition195	P1:Condition294	True
GSM5197183_1	1	GSM5197183	CGXII	glucose	1 µM FeSO4			wild type	WT	exponential			1.7	False	True	Condition346	P1	Condition195	P1:Condition346	True
GSM5197183_2	2	GSM5197183	CGXII	glucose	1 µM FeSO4			wild type	WT	exponential			1.7	False	True	Condition294	P1	Condition195	P1:Condition294	True
GSM5197188_2	2	GSM5197188	CGXII	glucose	1 µM FeSO4			wild type	WT	stationary				False	True	Condition501	P1	Condition195	P1:Condition501	True
GSM5197189_2	2	GSM5197189	CGXII	glucose	1 µM FeSO4			wild type	WT	stationary				False	True	Condition501	P1	Condition195	P1:Condition501	True
GSM5197205_1	1	GSM5197205	CGXII	glucose				wild type	WT	exponential	30 min after addition of 5 mM cinnamic acid			False	True	Condition393	P1	Condition195	P1:Condition393	True
GSM5197206_1	1	GSM5197206	CGXII	glucose				wild type	WT	exponential	30 min after addition of 5 mM cinnamic acid			False	True	Condition393	P1	Condition195	P1:Condition393	True
GSM5197227_1	1	GSM5197227	CGXII	glucose				wild type + overexpression	WT pEKEx2-amyE w/o signal peptide ( 100 µM IPTG )	exponential				False	True	Condition306	P1	Condition195	P1:Condition306	True
GSM5197227_2	2	GSM5197227	CGXII	glucose				wild type + overexpression	WT pEKEx2-amyE w/o signal peptide ( 100 µM IPTG )	exponential				False	True	Condition348	P1	Condition195	P1:Condition348	True
GSM5197228_1	1	GSM5197228	CGXII	glucose				wild type + overexpression	WT pEKEx2-amyE w/o signal peptide ( 100 µM IPTG )	exponential				False	True	Condition306	P1	Condition195	P1:Condition306	True
GSM5197228_2	2	GSM5197228	CGXII	glucose				wild type + overexpression	WT pEKEx2-amyE w/o signal peptide ( 100 µM IPTG )	exponential				False	True	Condition348	P1	Condition195	P1:Condition348	True
GSM5197238_1	1	GSM5197238	CGXII	glucose				wild type + overexpression	WT pEKEx2-amyH ( w/o signal peptide )	exponential				False	True	Condition510	P1	Condition195	P1:Condition510	True
GSM5197238_2	2	GSM5197238	CGXII	glucose				wild type + overexpression	WT pEKEx2-amyH ( w/o signal peptide )	exponential				False	True	Condition207	P1	Condition195	P1:Condition207	True
GSM5197239_1	1	GSM5197239	CGXII	glucose				wild type + overexpression	WT pEKEx2-amyH ( w/o signal peptide )	exponential				False	True	Condition510	P1	Condition195	P1:Condition510	True
GSM5197239_2	2	GSM5197239	CGXII	glucose				wild type + overexpression	WT pEKEx2-amyH ( w/o signal peptide )	exponential				False	True	Condition207	P1	Condition195	P1:Condition207	True
GSM5197240_1	1	GSM5197240	CGXII	glucose				wild type + overexpression	WT pEKEx2-amyH ( w/o signal peptide )	exponential				False	True	Condition510	P1	Condition195	P1:Condition510	True
GSM5197240_2	2	GSM5197240	CGXII	glucose				wild type + overexpression	WT pEKEx2-amyH ( w/o signal peptide )	exponential				False	True	Condition207	P1	Condition195	P1:Condition207	True
GSM5197246_1	1	GSM5197246	CGXII	glucose				wild type + overexpression	WT pEKEx2-NprE-cutinase ( Fusarium solani )	exponential	60 min after addition of 100 µM IPTG			False	True	Condition243	P1	Condition195	P1:Condition243	True
GSM5197247_1	1	GSM5197247	CGXII	glucose				wild type + overexpression	WT pEKEx2-NprE-cutinase ( Fusarium solani )	exponential	60 min after addition of 100 µM IPTG			False	True	Condition243	P1	Condition195	P1:Condition243	True
GSM5197247_2	2	GSM5197247	CGXII	glucose				wild type + overexpression	WT pEKEx2-NprE-cutinase ( Fusarium solani )	exponential	60 min after addition of 100 µM IPTG			False	True	Condition157	P1	Condition195	P1:Condition157	True
GSM5197248_2	2	GSM5197248	CGXII	glucose				wild type + overexpression	WT pEKEx2-NprE-cutinase ( Fusarium solani )	exponential	60 min after addition of 100 µM IPTG			False	True	Condition157	P1	Condition195	P1:Condition157	True
GSM5197249_2	2	GSM5197249	CGXII	glucose				wild type + overexpression	WT pEKEx2-NprE-cutinase ( Fusarium solani )	exponential	4 hours after addition of 100 µM IPTG			False	True	Condition251	P1	Condition195	P1:Condition251	True
GSM5197250_1	1	GSM5197250	CGXII	glucose				wild type + overexpression	WT pEKEx2-NprE-cutinase ( Fusarium solani )	exponential	4 hours after addition of 100 µM IPTG			False	True	Condition135	P1	Condition195	P1:Condition135	True
GSM5197250_2	2	GSM5197250	CGXII	glucose				wild type + overexpression	WT pEKEx2-NprE-cutinase ( Fusarium solani )	exponential	4 hours after addition of 100 µM IPTG			False	True	Condition251	P1	Condition195	P1:Condition251	True
GSM5197251_1	1	GSM5197251	CGXII	glucose				wild type + overexpression	WT pEKEx2-NprE-cutinase ( Fusarium solani )	exponential	4 hours after addition of 100 µM IPTG			False	True	Condition135	P1	Condition195	P1:Condition135	True
GSM5197251_2	2	GSM5197251	CGXII	glucose				wild type + overexpression	WT pEKEx2-NprE-cutinase ( Fusarium solani )	exponential	4 hours after addition of 100 µM IPTG			False	True	Condition251	P1	Condition195	P1:Condition251	True
GSM5197266_1	1	GSM5197266	CGXII	glucose				wild type + overexpression	WT pEKEx2-GFP	exponential	60 min after addition of 100 µM IPTG			False	True	Condition237	P1	Condition195	P1:Condition237	True
GSM5197266_2	2	GSM5197266	CGXII	glucose				wild type + overexpression	WT pEKEx2-GFP	exponential	60 min after addition of 100 µM IPTG			False	True	Condition481	P1	Condition195	P1:Condition481	True
GSM5197268_1	1	GSM5197268	CGXII	glucose				wild type + overexpression	WT pEKEx2-GFP	exponential	60 min after addition of 100 µM IPTG			False	True	Condition237	P1	Condition195	P1:Condition237	True
GSM5197268_2	2	GSM5197268	CGXII	glucose				wild type + overexpression	WT pEKEx2-GFP	exponential	60 min after addition of 100 µM IPTG			False	True	Condition481	P1	Condition195	P1:Condition481	True
GSM5197269_1	1	GSM5197269	CGXII	glucose				wild type + overexpression	WT pEKEx2-phoA ( Escherichia coli )	exponential	60 min after addition of 100 µM IPTG			False	True	Condition196	P1	Condition195	P1:Condition196	True
GSM5197269_2	2	GSM5197269	CGXII	glucose				wild type + overexpression	WT pEKEx2-phoA ( Escherichia coli )	exponential	60 min after addition of 100 µM IPTG			False	True	Condition487	P1	Condition195	P1:Condition487	True
GSM5197270_1	1	GSM5197270	CGXII	glucose				wild type + overexpression	WT pEKEx2-phoA ( Escherichia coli )	exponential	60 min after addition of 100 µM IPTG			False	True	Condition196	P1	Condition195	P1:Condition196	True
GSM5197270_2	2	GSM5197270	CGXII	glucose				wild type + overexpression	WT pEKEx2-phoA ( Escherichia coli )	exponential	60 min after addition of 100 µM IPTG			False	True	Condition487	P1	Condition195	P1:Condition487	True
GSM5197271_1	1	GSM5197271	CGXII	glucose				wild type + overexpression	WT pEKEx2-phoA ( Escherichia coli )	exponential	60 min after addition of 100 µM IPTG			False	True	Condition196	P1	Condition195	P1:Condition196	True
GSM5197271_2	2	GSM5197271	CGXII	glucose				wild type + overexpression	WT pEKEx2-phoA ( Escherichia coli )	exponential	60 min after addition of 100 µM IPTG			False	True	Condition487	P1	Condition195	P1:Condition487	True
GSM5197272_1	1	GSM5197272	CGXII	glucose				wild type + overexpression	WT pEKEx2-PhoD-GFP ( signal peptide from Bacillus subtilis + GFP )	exponential	60 min after addition of 100 µM IPTG			False	True	Condition331	P1	Condition195	P1:Condition331	True
GSM5197272_2	2	GSM5197272	CGXII	glucose				wild type + overexpression	WT pEKEx2-PhoD-GFP ( signal peptide from Bacillus subtilis + GFP )	exponential	60 min after addition of 100 µM IPTG			False	True	Condition118	P1	Condition195	P1:Condition118	True
GSM5197273_1	1	GSM5197273	CGXII	glucose				wild type + overexpression	WT pEKEx2-PhoD-GFP ( signal peptide from Bacillus subtilis + GFP )	exponential	60 min after addition of 100 µM IPTG			False	True	Condition331	P1	Condition195	P1:Condition331	True
GSM5197273_2	2	GSM5197273	CGXII	glucose				wild type + overexpression	WT pEKEx2-PhoD-GFP ( signal peptide from Bacillus subtilis + GFP )	exponential	60 min after addition of 100 µM IPTG			False	True	Condition118	P1	Condition195	P1:Condition118	True
GSM5197274_1	1	GSM5197274	CGXII	glucose				wild type + overexpression	WT pEKEx2-PhoD-GFP ( signal peptide from Bacillus subtilis + GFP )	exponential	60 min after addition of 100 µM IPTG			False	True	Condition331	P1	Condition195	P1:Condition331	True
GSM5197274_2	2	GSM5197274	CGXII	glucose				wild type + overexpression	WT pEKEx2-PhoD-GFP ( signal peptide from Bacillus subtilis + GFP )	exponential	60 min after addition of 100 µM IPTG			False	True	Condition118	P1	Condition195	P1:Condition118	True
GSM5197275_1	1	GSM5197275	CGXII	glucose				wild type + overexpression	WT pEKEx2-PhoD-GFP ( signal peptide from Bacillus subtilis + GFP )	exponential	60 min after addition of 100 µM IPTG			False	True	Condition144	P1	Condition195	P1:Condition144	True
GSM5197276_2	2	GSM5197276	CGXII	glucose				wild type + overexpression	WT pEKEx2-PhoD-GFP ( signal peptide from Bacillus subtilis + GFP )	exponential	60 min after addition of 100 µM IPTG			False	True	Condition131	P1	Condition195	P1:Condition131	True
GSM5197277_1	1	GSM5197277	CGXII	glucose				wild type + overexpression	WT pEKEx2-PhoD-GFP ( signal peptide from Bacillus subtilis + GFP )	exponential	60 min after addition of 100 µM IPTG			False	True	Condition144	P1	Condition195	P1:Condition144	True
GSM5197277_2	2	GSM5197277	CGXII	glucose				wild type + overexpression	WT pEKEx2-PhoD-GFP ( signal peptide from Bacillus subtilis + GFP )	exponential	60 min after addition of 100 µM IPTG			False	True	Condition131	P1	Condition195	P1:Condition131	True
GSM5197282_1	1	GSM5197282	CGXII	glucose				wild type + overexpression	WT pEKEx2-TorA-GFP ( signal peptide from torA + GFP )	exponential	60 min after addition of 100 µM IPTG			False	True	Condition339	P1	Condition195	P1:Condition339	True
GSM5197283_1	1	GSM5197283	CGXII	glucose				wild type + overexpression	WT pEKEx2-TorA-GFP ( signal peptide from torA + GFP )	exponential	60 min after addition of 100 µM IPTG			False	True	Condition339	P1	Condition195	P1:Condition339	True
GSM5197285_1	1	GSM5197285	CGXII	glucose				wild type + overexpression	WT pEKEx2-TorA-cg2705 ( signal peptide from torA + malE )	exponential	60 min after addition of 100 µM IPTG			False	True	Condition482	P1	Condition195	P1:Condition482	True
GSM5197285_2	2	GSM5197285	CGXII	glucose				wild type + overexpression	WT pEKEx2-TorA-cg2705 ( signal peptide from torA + malE )	exponential	60 min after addition of 100 µM IPTG			False	True	Condition117	P1	Condition195	P1:Condition117	True
GSM5197286_1	1	GSM5197286	CGXII	glucose				wild type + overexpression	WT pEKEx2-TorA-cg2705 ( signal peptide from torA + malE )	exponential	60 min after addition of 100 µM IPTG			False	True	Condition482	P1	Condition195	P1:Condition482	True
GSM5197286_2	2	GSM5197286	CGXII	glucose				wild type + overexpression	WT pEKEx2-TorA-cg2705 ( signal peptide from torA + malE )	exponential	60 min after addition of 100 µM IPTG			False	True	Condition117	P1	Condition195	P1:Condition117	True
GSM5197288_1	1	GSM5197288	CGXII	glucose				wild type + overexpression	WT pEKEx2-TorA-cg2705 ( signal peptide from torA + malE )	exponential	4 hours after addition of 100 µM IPTG			False	True	Condition418	P1	Condition195	P1:Condition418	True
GSM5197288_2	2	GSM5197288	CGXII	glucose				wild type + overexpression	WT pEKEx2-TorA-cg2705 ( signal peptide from torA + malE )	exponential	4 hours after addition of 100 µM IPTG			False	True	Condition80	P1	Condition195	P1:Condition80	True
GSM5197289_1	1	GSM5197289	CGXII	glucose				wild type + overexpression	WT pEKEx2-TorA-cg2705 ( signal peptide from torA + malE )	exponential	4 hours after addition of 100 µM IPTG			False	True	Condition418	P1	Condition195	P1:Condition418	True
GSM5197289_2	2	GSM5197289	CGXII	glucose				wild type + overexpression	WT pEKEx2-TorA-cg2705 ( signal peptide from torA + malE )	exponential	4 hours after addition of 100 µM IPTG			False	True	Condition80	P1	Condition195	P1:Condition80	True
GSM5197293_1	1	GSM5197293	CGXII	glucose				wild type + overexpression	WT pEKExL-cg0955-GFP ( signal peptide from cg0955 + GFP )	exponential	60 min after addition of 100 µM IPTG			False	True	Condition53	P1	Condition195	P1:Condition53	True
GSM5197293_2	2	GSM5197293	CGXII	glucose				wild type + overexpression	WT pEKExL-cg0955-GFP ( signal peptide from cg0955 + GFP )	exponential	60 min after addition of 100 µM IPTG			False	True	Condition165	P1	Condition195	P1:Condition165	True
GSM5197294_1	1	GSM5197294	CGXII	glucose				wild type + overexpression	WT pEKExL-cg0955-GFP ( signal peptide from cg0955 + GFP )	exponential	60 min after addition of 100 µM IPTG			False	True	Condition53	P1	Condition195	P1:Condition53	True
GSM5197294_2	2	GSM5197294	CGXII	glucose				wild type + overexpression	WT pEKExL-cg0955-GFP ( signal peptide from cg0955 + GFP )	exponential	60 min after addition of 100 µM IPTG			False	True	Condition165	P1	Condition195	P1:Condition165	True
GSM5197296_1	1	GSM5197296	CGXII	glucose				wild type + overexpression	WT pEKExL-cg0955-GFP ( signal peptide from cg0955 + GFP )	exponential	30 min after addition of 100 µM IPTG			False	True	Condition133	P1	Condition195	P1:Condition133	True
GSM5197296_2	2	GSM5197296	CGXII	glucose				wild type + overexpression	WT pEKExL-cg0955-GFP ( signal peptide from cg0955 + GFP )	exponential	30 min after addition of 100 µM IPTG			False	True	Condition33	P1	Condition195	P1:Condition33	True
GSM5197297_1	1	GSM5197297	CGXII	glucose				wild type + overexpression	WT pEKExL-cg0955-GFP ( signal peptide from cg0955 + GFP )	exponential	30 min after addition of 100 µM IPTG			False	True	Condition133	P1	Condition195	P1:Condition133	True
GSM5197297_2	2	GSM5197297	CGXII	glucose				wild type + overexpression	WT pEKExL-cg0955-GFP ( signal peptide from cg0955 + GFP )	exponential	30 min after addition of 100 µM IPTG			False	True	Condition33	P1	Condition195	P1:Condition33	True
GSM5197298_1	1	GSM5197298	CGXII	glucose				wild type + overexpression	WT pEKExL-cg0955-GFP ( signal peptide from cg0955 + GFP )	exponential	30 min after addition of 100 µM IPTG			False	True	Condition133	P1	Condition195	P1:Condition133	True
GSM5197298_2	2	GSM5197298	CGXII	glucose				wild type + overexpression	WT pEKExL-cg0955-GFP ( signal peptide from cg0955 + GFP )	exponential	30 min after addition of 100 µM IPTG			False	True	Condition33	P1	Condition195	P1:Condition33	True
GSM5197299_1	1	GSM5197299	CGXII	glucose				wild type + overexpression	WT pEKExL-cg3287-GFP ( signal peptide from copO + GFP )	exponential	60 min after addition of 100 µM IPTG			False	True	Condition12	P1	Condition195	P1:Condition12	True
GSM5197299_2	2	GSM5197299	CGXII	glucose				wild type + overexpression	WT pEKExL-cg3287-GFP ( signal peptide from copO + GFP )	exponential	60 min after addition of 100 µM IPTG			False	True	Condition522	P1	Condition195	P1:Condition522	True
GSM5197300_1	1	GSM5197300	CGXII	glucose				wild type + overexpression	WT pEKExL-cg3287-GFP ( signal peptide from copO + GFP )	exponential	60 min after addition of 100 µM IPTG			False	True	Condition12	P1	Condition195	P1:Condition12	True
GSM5197300_2	2	GSM5197300	CGXII	glucose				wild type + overexpression	WT pEKExL-cg3287-GFP ( signal peptide from copO + GFP )	exponential	60 min after addition of 100 µM IPTG			False	True	Condition522	P1	Condition195	P1:Condition522	True
GSM5197301_2	2	GSM5197301	CGXII	glucose				wild type + overexpression	WT pEKExL-cg3287-GFP ( signal peptide from copO + GFP )	exponential	60 min after addition of 100 µM IPTG			False	True	Condition522	P1	Condition195	P1:Condition522	True
GSM5197302_1	1	GSM5197302	CGXII	glucose				wild type + overexpression	WT pEKEx2-soxy ( sorbitol/xylitol oxidase from Streptomyces coelicor )	exponential				False	True	Condition502	P1	Condition195	P1:Condition502	True
GSM5197302_2	2	GSM5197302	CGXII	glucose				wild type + overexpression	WT pEKEx2-soxy ( sorbitol/xylitol oxidase from Streptomyces coelicor )	exponential				False	True	Condition283	P1	Condition195	P1:Condition283	True
GSM5197303_1	1	GSM5197303	CGXII	glucose				wild type + overexpression	WT pEKEx2-soxy ( sorbitol/xylitol oxidase from Streptomyces coelicor )	exponential				False	True	Condition502	P1	Condition195	P1:Condition502	True
GSM5197303_2	2	GSM5197303	CGXII	glucose				wild type + overexpression	WT pEKEx2-soxy ( sorbitol/xylitol oxidase from Streptomyces coelicor )	exponential				False	True	Condition283	P1	Condition195	P1:Condition283	True
GSM5197311_1	1	GSM5197311	CGXII	glucose				wild type + overexpression	WT pEKEx2-inactivated TorA-soxy ( inactivated signal peptide from torA + sorbitol/xylitol oxidase from Streptomyces coelicor )	exponential				False	True	Condition254	P1	Condition195	P1:Condition254	True
GSM5197312_1	1	GSM5197312	CGXII	glucose				wild type + overexpression	WT pEKEx2-inactivated TorA-soxy ( inactivated signal peptide from torA + sorbitol/xylitol oxidase from Streptomyces coelicor )	exponential				False	True	Condition254	P1	Condition195	P1:Condition254	True
GSM5197331_1	1	GSM5197331	CGXII	glucose	100 µM IPTG			wild type + overexpression	WT pEKEx2-cgtSR10	exponential				False	True	Condition308	P1	Condition195	P1:Condition308	True
GSM5197331_2	2	GSM5197331	CGXII	glucose	100 µM IPTG			wild type + overexpression	WT pEKEx2-cgtSR10	exponential				False	True	Condition312	P1	Condition195	P1:Condition312	True
GSM5197332_1	1	GSM5197332	CGXII	glucose	100 µM IPTG			wild type + overexpression	WT pEKEx2-cgtSR10	exponential				False	True	Condition308	P1	Condition195	P1:Condition308	True
GSM5197332_2	2	GSM5197332	CGXII	glucose	100 µM IPTG			wild type + overexpression	WT pEKEx2-cgtSR10	exponential				False	True	Condition312	P1	Condition195	P1:Condition312	True
GSM5197334_1	1	GSM5197334	CGXII	glucose	100 µM IPTG			wild type + overexpression	WT pEKEx2-ihf	exponential				False	True	Condition274	P1	Condition195	P1:Condition274	True
GSM5197334_2	2	GSM5197334	CGXII	glucose	100 µM IPTG			wild type + overexpression	WT pEKEx2-ihf	exponential				False	True	Condition121	P1	Condition195	P1:Condition121	True
GSM5197335_1	1	GSM5197335	CGXII	glucose	100 µM IPTG			wild type + overexpression	WT pEKEx2-ihf	exponential				False	True	Condition274	P1	Condition195	P1:Condition274	True
GSM5197335_2	2	GSM5197335	CGXII	glucose	100 µM IPTG			wild type + overexpression	WT pEKEx2-ihf	exponential				False	True	Condition121	P1	Condition195	P1:Condition121	True
GSM5197336_1	1	GSM5197336	CGXII	glucose	100 µM IPTG			wild type + overexpression	WT pEKEx2-ihf	exponential				False	True	Condition274	P1	Condition195	P1:Condition274	True
GSM5197336_2	2	GSM5197336	CGXII	glucose	100 µM IPTG			wild type + overexpression	WT pEKEx2-ihf	exponential				False	True	Condition121	P1	Condition195	P1:Condition121	True
GSM5197340_1	1	GSM5197340	CGXII	glucose	100 µM IPTG			wild type + overexpression	WT pAN6-cg1914	exponential				False	True	Condition285	P1	Condition195	P1:Condition285	True
GSM5197340_2	2	GSM5197340	CGXII	glucose	100 µM IPTG			wild type + overexpression	WT pAN6-cg1914	exponential				False	True	Condition434	P1	Condition195	P1:Condition434	True
GSM5197341_1	1	GSM5197341	CGXII	glucose	100 µM IPTG			wild type + overexpression	WT pAN6-cg1914	exponential				False	True	Condition285	P1	Condition195	P1:Condition285	True
GSM5197341_2	2	GSM5197341	CGXII	glucose	100 µM IPTG			wild type + overexpression	WT pAN6-cg1914	exponential				False	True	Condition434	P1	Condition195	P1:Condition434	True
GSM5197350_1	1	GSM5197350	CGXII	glucose	100 µM IPTG			wild type + overexpression	WT pAN6-cg1978	exponential				False	True	Condition327	P1	Condition195	P1:Condition327	True
GSM5197350_2	2	GSM5197350	CGXII	glucose	100 µM IPTG			wild type + overexpression	WT pAN6-cg1978	exponential				False	True	Condition479	P1	Condition195	P1:Condition479	True
GSM5197352_1	1	GSM5197352	CGXII	glucose	100 µM IPTG			wild type + overexpression	WT pAN6-cg1978	exponential				False	True	Condition327	P1	Condition195	P1:Condition327	True
GSM5197352_2	2	GSM5197352	CGXII	glucose	100 µM IPTG			wild type + overexpression	WT pAN6-cg1978	exponential				False	True	Condition479	P1	Condition195	P1:Condition479	True
GSM5197353_1	1	GSM5197353	CGXII	glucose	100 µM IPTG			wild type + overexpression	WT pAN6-cg1978	exponential				False	True	Condition327	P1	Condition195	P1:Condition327	True
GSM5197353_2	2	GSM5197353	CGXII	glucose	100 µM IPTG			wild type + overexpression	WT pAN6-cg1978	exponential				False	True	Condition479	P1	Condition195	P1:Condition479	True
GSM5197355_2	2	GSM5197355	CGXII	glucose	100 µM IPTG			wild type + overexpression	WT pAN6-cg1978	exponential				False	True	Condition479	P1	Condition195	P1:Condition479	True
GSM5197356_1	1	GSM5197356	CGXII	glucose	100 µM IPTG			wild type + overexpression	WT pAN6-cg1978	exponential				False	True	Condition327	P1	Condition195	P1:Condition327	True
GSM5197356_2	2	GSM5197356	CGXII	glucose	100 µM IPTG			wild type + overexpression	WT pAN6-cg1978	exponential				False	True	Condition479	P1	Condition195	P1:Condition479	True
GSM5197364_1	1	GSM5197364	CGXII	glucose	250 µM IPTG			wild type + overexpression	WT pEKEx2-cpdA	exponential				False	True	Condition382	P1	Condition195	P1:Condition382	True
GSM5197364_2	2	GSM5197364	CGXII	glucose	250 µM IPTG			wild type + overexpression	WT pEKEx2-cpdA	exponential				False	True	Condition240	P1	Condition195	P1:Condition240	True
GSM5197365_1	1	GSM5197365	CGXII	glucose	250 µM IPTG			wild type + overexpression	WT pEKEx2-cpdA	exponential				False	True	Condition382	P1	Condition195	P1:Condition382	True
GSM5197365_2	2	GSM5197365	CGXII	glucose	250 µM IPTG			wild type + overexpression	WT pEKEx2-cpdA	exponential				False	True	Condition240	P1	Condition195	P1:Condition240	True
GSM5197367_2	2	GSM5197367	CGXII	glucose	100 µM IPTG			wild type + overexpression	WT pEKEx2-malR	exponential				False	True	Condition455	P1	Condition195	P1:Condition455	True
GSM5197369_2	2	GSM5197369	CGXII	glucose	100 µM IPTG			wild type + overexpression	WT pEKEx2-malR	exponential				False	True	Condition455	P1	Condition195	P1:Condition455	True
GSM5197383_2	2	GSM5197383	CGXII		5 mM CaCl2, 1 mM IPTG			wild type + overexpression	WT pAN6-citH	exponential	20 min after addition of 50 mM sodium citrate			False	True	Condition289	P1	Condition195	P1:Condition289	True
GSM5197384_2	2	GSM5197384	CGXII		5 mM CaCl2, 1 mM IPTG			wild type + overexpression	WT pAN6-citH	exponential	20 min after addition of 50 mM sodium citrate			False	True	Condition289	P1	Condition195	P1:Condition289	True
GSM5197395_2	2	GSM5197395	CGXII	glucose				deletion mutant	delta_iolR	exponential				False	True	Condition107	P1	Condition195	P1:Condition107	True
GSM5197396_1	1	GSM5197396	CGXII	glucose				deletion mutant	delta_iolR	exponential				False	True	Condition255	P1	Condition195	P1:Condition255	True
GSM5197397_1	1	GSM5197397	CGXII	glucose				deletion mutant	delta_iolR	exponential				False	True	Condition255	P1	Condition195	P1:Condition255	True
GSM5197397_2	2	GSM5197397	CGXII	glucose				deletion mutant	delta_iolR	exponential				False	True	Condition107	P1	Condition195	P1:Condition107	True
GSM5197405_2	2	GSM5197405	CGXII	glucose				deletion mutant	delta_cyaB	exponential				False	True	Condition248	P1	Condition195	P1:Condition248	True
GSM5197406_2	2	GSM5197406	CGXII	glucose				deletion mutant	delta_cyaB	exponential				False	True	Condition248	P1	Condition195	P1:Condition248	True
GSM5197408_1	1	GSM5197408	CGXII		100 mM glucose, 100 mM acetate			deletion mutant	delta_cyaB	exponential				False	True	Condition225	P1	Condition195	P1:Condition225	True
GSM5197408_2	2	GSM5197408	CGXII		100 mM glucose, 100 mM acetate			deletion mutant	delta_cyaB	exponential				False	True	Condition129	P1	Condition195	P1:Condition129	True
GSM5197410_1	1	GSM5197410	CGXII		100 mM glucose, 100 mM acetate			deletion mutant	delta_cyaB	exponential				False	True	Condition225	P1	Condition195	P1:Condition225	True
GSM5197410_2	2	GSM5197410	CGXII		100 mM glucose, 100 mM acetate			deletion mutant	delta_cyaB	exponential				False	True	Condition129	P1	Condition195	P1:Condition129	True
GSM5197411_2	2	GSM5197411	CGXII		400 mM glycine			deletion mutant	delta_ramB delta_sdhCAB	exponential				False	True	Condition415	P1	Condition195	P1:Condition415	True
GSM5197412_2	2	GSM5197412	CGXII		400 mM glycine			deletion mutant	delta_ramB delta_sdhCAB	exponential				False	True	Condition415	P1	Condition195	P1:Condition415	True
GSM5197418_1	1	GSM5197418	CGXII	glucose	20 µM CuSO4			deletion mutant	delta_csoR	exponential				False	True	Condition213	P1	Condition195	P1:Condition213	True
GSM5197418_2	2	GSM5197418	CGXII	glucose	20 µM CuSO4			deletion mutant	delta_csoR	exponential				False	True	Condition380	P1	Condition195	P1:Condition380	True
GSM5197419_1	1	GSM5197419	CGXII	glucose	20 µM CuSO4			deletion mutant	delta_csoR	exponential				False	True	Condition213	P1	Condition195	P1:Condition213	True
GSM5197419_2	2	GSM5197419	CGXII	glucose	20 µM CuSO4			deletion mutant	delta_csoR	exponential				False	True	Condition380	P1	Condition195	P1:Condition380	True
GSM5197421_1	1	GSM5197421	CGXII	glucose	50 µM CuSO4			deletion mutant	delta_csoR	exponential				False	True	Condition338	P1	Condition195	P1:Condition338	True
GSM5197421_2	2	GSM5197421	CGXII	glucose	50 µM CuSO4			deletion mutant	delta_csoR	exponential				False	True	Condition424	P1	Condition195	P1:Condition424	True
GSM5197422_1	1	GSM5197422	CGXII	glucose	50 µM CuSO4			deletion mutant	delta_csoR	exponential				False	True	Condition338	P1	Condition195	P1:Condition338	True
GSM5197422_2	2	GSM5197422	CGXII	glucose	50 µM CuSO4			deletion mutant	delta_csoR	exponential				False	True	Condition424	P1	Condition195	P1:Condition424	True
GSM5197423_1	1	GSM5197423	CGXII	glucose	50 µM CuSO4			deletion mutant	delta_csoR	exponential				False	True	Condition338	P1	Condition195	P1:Condition338	True
GSM5197423_2	2	GSM5197423	CGXII	glucose	50 µM CuSO4			deletion mutant	delta_csoR	exponential				False	True	Condition424	P1	Condition195	P1:Condition424	True
GSM5197427_1	1	GSM5197427	CGXII	glucose				deletion mutant	delta_esrSR	exponential				False	True	Condition342	P1	Condition195	P1:Condition342	True
GSM5197429_1	1	GSM5197429	CGXII	glucose				deletion mutant	delta_esrSR	exponential				False	True	Condition342	P1	Condition195	P1:Condition342	True
GSM5197430_1	1	GSM5197430	CGXII	glucose				deletion mutant + overexpression	delta_esrSR pEKEx3-esrR	exponential	60 min after addition of 1 mM IPTG			False	True	Condition468	P1	Condition195	P1:Condition468	True
GSM5197430_2	2	GSM5197430	CGXII	glucose				deletion mutant + overexpression	delta_esrSR pEKEx3-esrR	exponential	60 min after addition of 1 mM IPTG			False	True	Condition523	P1	Condition195	P1:Condition523	True
GSM5197431_1	1	GSM5197431	CGXII	glucose				deletion mutant + overexpression	delta_esrSR pEKEx3-esrR	exponential	60 min after addition of 1 mM IPTG			False	True	Condition468	P1	Condition195	P1:Condition468	True
GSM5197431_2	2	GSM5197431	CGXII	glucose				deletion mutant + overexpression	delta_esrSR pEKEx3-esrR	exponential	60 min after addition of 1 mM IPTG			False	True	Condition523	P1	Condition195	P1:Condition523	True
GSM5197439_1	1	GSM5197439	CGXII	glucose				deletion mutant	delta_mntR	exponential				False	True	Condition211	P1	Condition195	P1:Condition211	True
GSM5197439_2	2	GSM5197439	CGXII	glucose				deletion mutant	delta_mntR	exponential				False	True	Condition378	P1	Condition195	P1:Condition378	True
GSM5197440_1	1	GSM5197440	CGXII	glucose				deletion mutant	delta_mntR	exponential				False	True	Condition211	P1	Condition195	P1:Condition211	True
GSM5197440_2	2	GSM5197440	CGXII	glucose				deletion mutant	delta_mntR	exponential				False	True	Condition378	P1	Condition195	P1:Condition378	True
GSM5197441_1	1	GSM5197441	CGXII	glucose				deletion mutant	delta_mntR	exponential				False	True	Condition211	P1	Condition195	P1:Condition211	True
GSM5197443_1	1	GSM5197443	CGXII	glucose				deletion mutant	delta_cg0764	exponential				False	True	Condition184	P1	Condition195	P1:Condition184	True
GSM5197443_2	2	GSM5197443	CGXII	glucose				deletion mutant	delta_cg0764	exponential				False	True	Condition533	P1	Condition195	P1:Condition533	True
GSM5197444_1	1	GSM5197444	CGXII	glucose				deletion mutant	delta_cg0764	exponential				False	True	Condition184	P1	Condition195	P1:Condition184	True
GSM5197444_2	2	GSM5197444	CGXII	glucose				deletion mutant	delta_cg0764	exponential				False	True	Condition533	P1	Condition195	P1:Condition533	True
GSM5197451_1	1	GSM5197451	CGXII	glucose				silencing	Silenced lcpA	exponential				False	True	Condition5	P1	Condition195	P1:Condition5	True
GSM5197452_1	1	GSM5197452	CGXII	glucose				silencing	Silenced lcpA	exponential				False	True	Condition5	P1	Condition195	P1:Condition5	True
GSM5197455_1	1	GSM5197455	CGXII	glucose				deletion mutant	delta_whiB	exponential				False	True	Condition303	P1	Condition195	P1:Condition303	True
GSM5197456_1	1	GSM5197456	CGXII	glucose				deletion mutant	delta_whiB	exponential				False	True	Condition303	P1	Condition195	P1:Condition303	True
GSM5197456_2	2	GSM5197456	CGXII	glucose				deletion mutant	delta_whiB	exponential				False	True	Condition356	P1	Condition195	P1:Condition356	True
GSM5197457_1	1	GSM5197457	CGXII	glucose				deletion mutant	delta_whiB	exponential				False	True	Condition303	P1	Condition195	P1:Condition303	True
GSM5197457_2	2	GSM5197457	CGXII	glucose				deletion mutant	delta_whiB	exponential				False	True	Condition356	P1	Condition195	P1:Condition356	True
GSM5197465_1	1	GSM5197465	CGXII	glucose	1 mM IPTG			deletion mutant + overexpression	delta_mtrA pEKEx2-mtrA ( Asp53Asn )	exponential				False	True	Condition389	P1	Condition195	P1:Condition389	True
GSM5197465_2	2	GSM5197465	CGXII	glucose	1 mM IPTG			deletion mutant + overexpression	delta_mtrA pEKEx2-mtrA ( Asp53Asn )	exponential				False	True	Condition242	P1	Condition195	P1:Condition242	True
GSM5197466_1	1	GSM5197466	CGXII	glucose	1 mM IPTG			deletion mutant + overexpression	delta_mtrA pEKEx2-mtrA ( Asp53Asn )	exponential				False	True	Condition389	P1	Condition195	P1:Condition389	True
GSM5197466_2	2	GSM5197466	CGXII	glucose	1 mM IPTG			deletion mutant + overexpression	delta_mtrA pEKEx2-mtrA ( Asp53Asn )	exponential				False	True	Condition242	P1	Condition195	P1:Condition242	True
GSM5197467_1	1	GSM5197467	CGXII	glucose	1 mM IPTG			deletion mutant + overexpression	delta_mtrA pEKEx2-mtrA ( Asp53Asn )	exponential				False	True	Condition389	P1	Condition195	P1:Condition389	True
GSM5197467_2	2	GSM5197467	CGXII	glucose	1 mM IPTG			deletion mutant + overexpression	delta_mtrA pEKEx2-mtrA ( Asp53Asn )	exponential				False	True	Condition242	P1	Condition195	P1:Condition242	True
GSM5197489_1	1	GSM5197489	CGXII	glucose				deletion mutant	delta_cgtSR2	exponential				False	True	Condition383	P1	Condition195	P1:Condition383	True
GSM5197491_1	1	GSM5197491	CGXII	glucose				deletion mutant	delta_cgtSR2	exponential				False	True	Condition383	P1	Condition195	P1:Condition383	True
GSM5197501_1	1	GSM5197501	CGXII	glucose				deletion mutant + overexpression	delta_cgtSR2 pCLTON2-cgtR2 pEKEx2-cgtR2	exponential	60 min after addition of 250 ng/mL anhydrotetracycline and 1 mM IPTG			False	True	Condition494	P1	Condition195	P1:Condition494	True
GSM5197501_2	2	GSM5197501	CGXII	glucose				deletion mutant + overexpression	delta_cgtSR2 pCLTON2-cgtR2 pEKEx2-cgtR2	exponential	60 min after addition of 250 ng/mL anhydrotetracycline and 1 mM IPTG			False	True	Condition63	P1	Condition195	P1:Condition63	True
GSM5197502_1	1	GSM5197502	CGXII	glucose				deletion mutant + overexpression	delta_cgtSR2 pCLTON2-cgtR2 pEKEx2-cgtR2	exponential	60 min after addition of 250 ng/mL anhydrotetracycline and 1 mM IPTG			False	True	Condition494	P1	Condition195	P1:Condition494	True
GSM5197502_2	2	GSM5197502	CGXII	glucose				deletion mutant + overexpression	delta_cgtSR2 pCLTON2-cgtR2 pEKEx2-cgtR2	exponential	60 min after addition of 250 ng/mL anhydrotetracycline and 1 mM IPTG			False	True	Condition63	P1	Condition195	P1:Condition63	True
GSM5197503_2	2	GSM5197503	CGXII	glucose				deletion mutant + overexpression	delta_cgtSR2 pCLTON2-cgtR2 pEKEx2-cgtR2	exponential	60 min after addition of 250 ng/mL anhydrotetracycline and 1 mM IPTG			False	True	Condition63	P1	Condition195	P1:Condition63	True
GSM5197504_2	2	GSM5197504	CGXII	glucose	1 mM IPTG			deletion mutant + overexpression	delta_htrA pEKEx2-amyE ( Bacillus subtilis )	exponential				False	True	Condition492	P1	Condition195	P1:Condition492	True
GSM5197505_1	1	GSM5197505	CGXII	glucose	1 mM IPTG			deletion mutant + overexpression	delta_htrA pEKEx2-amyE ( Bacillus subtilis )	exponential				False	True	Condition311	P1	Condition195	P1:Condition311	True
GSM5197505_2	2	GSM5197505	CGXII	glucose	1 mM IPTG			deletion mutant + overexpression	delta_htrA pEKEx2-amyE ( Bacillus subtilis )	exponential				False	True	Condition492	P1	Condition195	P1:Condition492	True
GSM5197506_1	1	GSM5197506	CGXII	glucose	1 mM IPTG			deletion mutant + overexpression	delta_htrA pEKEx2-amyE ( Bacillus subtilis )	exponential				False	True	Condition311	P1	Condition195	P1:Condition311	True
GSM5197506_2	2	GSM5197506	CGXII	glucose	1 mM IPTG			deletion mutant + overexpression	delta_htrA pEKEx2-amyE ( Bacillus subtilis )	exponential				False	True	Condition492	P1	Condition195	P1:Condition492	True
GSM5197507_2	2	GSM5197507	CGXII	glucose	1 mM IPTG			deletion mutant + overexpression	delta_htrA pEKEx2-amyE ( Bacillus subtilis )	exponential				False	True	Condition492	P1	Condition195	P1:Condition492	True
GSM5197508_2	2	GSM5197508	CGXII	glucose	1 mM IPTG			deletion mutant + overexpression	delta_htrA pEKEx2-amyE ( Bacillus subtilis )	exponential				False	True	Condition170	P1	Condition195	P1:Condition170	True
GSM5197510_2	2	GSM5197510	CGXII	glucose	1 mM IPTG			deletion mutant + overexpression	delta_htrA pEKEx2-amyE ( Bacillus subtilis )	exponential				False	True	Condition170	P1	Condition195	P1:Condition170	True
GSM5197511_1	1	GSM5197511	CGXII	glucose				deletion mutant	delta_cgtSR10	exponential				False	True	Condition84	P1	Condition195	P1:Condition84	True
GSM5197511_2	2	GSM5197511	CGXII	glucose				deletion mutant	delta_cgtSR10	exponential				False	True	Condition147	P1	Condition195	P1:Condition147	True
GSM5197512_1	1	GSM5197512	CGXII	glucose				deletion mutant	delta_cgtSR10	exponential				False	True	Condition84	P1	Condition195	P1:Condition84	True
GSM5197512_2	2	GSM5197512	CGXII	glucose				deletion mutant	delta_cgtSR10	exponential				False	True	Condition147	P1	Condition195	P1:Condition147	True
GSM5197513_1	1	GSM5197513	CGXII	glucose				deletion mutant	delta_cgtSR10	exponential				False	True	Condition84	P1	Condition195	P1:Condition84	True
GSM5197513_2	2	GSM5197513	CGXII	glucose				deletion mutant	delta_cgtSR10	exponential				False	True	Condition147	P1	Condition195	P1:Condition147	True
GSM5197524_1	1	GSM5197524	BHI					deletion mutant + overexpression	delta_sigE pEKEx2-AmyE ( Bacillus subtili )	exponential	30 min after addition of 1 mM IPTG			False	True	Condition156	P1	Condition195	P1:Condition156	True
GSM5197524_2	2	GSM5197524	BHI					deletion mutant + overexpression	delta_sigE pEKEx2-AmyE ( Bacillus subtili )	exponential	30 min after addition of 1 mM IPTG			False	True	Condition86	P1	Condition195	P1:Condition86	True
GSM5197525_1	1	GSM5197525	BHI					deletion mutant + overexpression	delta_sigE pEKEx2-AmyE ( Bacillus subtili )	exponential	30 min after addition of 1 mM IPTG			False	True	Condition156	P1	Condition195	P1:Condition156	True
GSM5197525_2	2	GSM5197525	BHI					deletion mutant + overexpression	delta_sigE pEKEx2-AmyE ( Bacillus subtili )	exponential	30 min after addition of 1 mM IPTG			False	True	Condition86	P1	Condition195	P1:Condition86	True
GSM5197527_1	1	GSM5197527	CGXII	glucose				deletion mutant	delta_cydAB	exponential				False	True	Condition219	P1	Condition195	P1:Condition219	True
GSM5197527_2	2	GSM5197527	CGXII	glucose				deletion mutant	delta_cydAB	exponential				False	True	Condition301	P1	Condition195	P1:Condition301	True
GSM5197528_1	1	GSM5197528	CGXII	glucose				deletion mutant	delta_cydAB	exponential				False	True	Condition219	P1	Condition195	P1:Condition219	True
GSM5197528_2	2	GSM5197528	CGXII	glucose				deletion mutant	delta_cydAB	exponential				False	True	Condition301	P1	Condition195	P1:Condition301	True
GSM5197529_1	1	GSM5197529	CGXII	glucose				deletion mutant	delta_cydAB	exponential				False	True	Condition219	P1	Condition195	P1:Condition219	True
GSM5197529_2	2	GSM5197529	CGXII	glucose				deletion mutant	delta_cydAB	exponential				False	True	Condition301	P1	Condition195	P1:Condition301	True
GSM5197530_1	1	GSM5197530	CGXII	glucose				deletion mutant	delta_cydAB	exponential				False	True	Condition219	P1	Condition195	P1:Condition219	True
GSM5197530_2	2	GSM5197530	CGXII	glucose				deletion mutant	delta_cydAB	exponential				False	True	Condition301	P1	Condition195	P1:Condition301	True
GSM5197531_1	1	GSM5197531	CGXII	glucose				deletion mutant	delta_cydAB	exponential				False	True	Condition219	P1	Condition195	P1:Condition219	True
GSM5197531_2	2	GSM5197531	CGXII	glucose				deletion mutant	delta_cydAB	exponential				False	True	Condition301	P1	Condition195	P1:Condition301	True
GSM5197536_1	1	GSM5197536	CGXII	glucose	2 g/L peptone			deletion mutant	delta_cydAB delta_qcrBAC	exponential				False	True	Condition7	P1	Condition195	P1:Condition7	True
GSM5197536_2	2	GSM5197536	CGXII	glucose	2 g/L peptone			deletion mutant	delta_cydAB delta_qcrBAC	exponential				False	True	Condition249	P1	Condition195	P1:Condition249	True
GSM5197537_1	1	GSM5197537	CGXII	glucose	2 g/L peptone			deletion mutant	delta_cydAB delta_qcrBAC	exponential				False	True	Condition7	P1	Condition195	P1:Condition7	True
GSM5197537_2	2	GSM5197537	CGXII	glucose	2 g/L peptone			deletion mutant	delta_cydAB delta_qcrBAC	exponential				False	True	Condition249	P1	Condition195	P1:Condition249	True
GSM5197538_1	1	GSM5197538	BHI					deletion mutant	delta_cydAB delta_qcrBAC	exponential				False	True	Condition543	P1	Condition195	P1:Condition543	True
GSM5197538_2	2	GSM5197538	BHI					deletion mutant	delta_cydAB delta_qcrBAC	exponential				False	True	Condition429	P1	Condition195	P1:Condition429	True
GSM5197539_1	1	GSM5197539	BHI					deletion mutant	delta_cydAB delta_qcrBAC	exponential				False	True	Condition543	P1	Condition195	P1:Condition543	True
GSM5197539_2	2	GSM5197539	BHI					deletion mutant	delta_cydAB delta_qcrBAC	exponential				False	True	Condition429	P1	Condition195	P1:Condition429	True
GSM5197547_1	1	GSM5197547	CGXII	glucose	1 mM IPTG			WT + overexpression	WT pAN6-rosR	exponential				False	True	Condition104	P1	Condition195	P1:Condition104	True
GSM5197547_2	2	GSM5197547	CGXII	glucose	1 mM IPTG			WT + overexpression	WT pAN6-rosR	exponential				False	True	Condition366	P1	Condition195	P1:Condition366	True
GSM5197548_1	1	GSM5197548	CGXII	glucose	1 mM IPTG			WT + overexpression	WT pAN6-rosR	exponential				False	True	Condition104	P1	Condition195	P1:Condition104	True
GSM5197548_2	2	GSM5197548	CGXII	glucose	1 mM IPTG			WT + overexpression	WT pAN6-rosR	exponential				False	True	Condition366	P1	Condition195	P1:Condition366	True
GSM5197551_2	2	GSM5197551	CGXII	glucose				deletion mutant	delta_atpBEF	exponential				False	True	Condition444	P1	Condition195	P1:Condition444	True
GSM5197552_2	2	GSM5197552	CGXII	glucose				deletion mutant	delta_atpBEF	exponential				False	True	Condition444	P1	Condition195	P1:Condition444	True
GSM5197572_2	2	GSM5197572	CGXII		70 mM glucose, 70 mM glutamine	urea, (NH4)2SO4		deletion mutant	delta_odhI	exponential				False	True	Condition385	P1	Condition195	P1:Condition385	True
GSM5197573_2	2	GSM5197573	CGXII		70 mM glucose, 70 mM glutamine	urea, (NH4)2SO4		deletion mutant	delta_odhI	exponential				False	True	Condition385	P1	Condition195	P1:Condition385	True
GSM5197582_2	2	GSM5197582	CGXII	glucose				deletion mutant	MB001 delta_ftsR	exponential				False	True	Condition235	P1	Condition195	P1:Condition235	True
GSM5197583_1	1	GSM5197583	CGXII	glucose				deletion mutant	MB001 delta_ftsR	exponential				False	True	Condition441	P1	Condition195	P1:Condition441	True
GSM5197583_2	2	GSM5197583	CGXII	glucose				deletion mutant	MB001 delta_ftsR	exponential				False	True	Condition235	P1	Condition195	P1:Condition235	True
GSM5197584_1	1	GSM5197584	CGXII	glucose				deletion mutant	MB001 delta_ftsR	exponential				False	True	Condition441	P1	Condition195	P1:Condition441	True
GSM5197584_2	2	GSM5197584	CGXII	glucose				deletion mutant	MB001 delta_ftsR	exponential				False	True	Condition235	P1	Condition195	P1:Condition235	True
GSM5197586_1	1	GSM5197586	CGXII	glucose				deletion mutant + promoter exchange	MB001 : :PgntK-PftsZ delta_ftsR	exponential				False	True	Condition232	P1	Condition195	P1:Condition232	True
GSM5197588_1	1	GSM5197588	CGXII	glucose				deletion mutant + promoter exchange	MB001 : :PgntK-PftsZ delta_ftsR	exponential				False	True	Condition232	P1	Condition195	P1:Condition232	True
GSM5197600_1	1	GSM5197600	CGXII	glucose				deletion mutant	delta_ndh	exponential				False	True	Condition250	P1	Condition195	P1:Condition250	True
GSM5197600_2	2	GSM5197600	CGXII	glucose				deletion mutant	delta_ndh	exponential				False	True	Condition345	P1	Condition195	P1:Condition345	True
GSM5197601_1	1	GSM5197601	CGXII	glucose				deletion mutant	delta_ndh	exponential				False	True	Condition250	P1	Condition195	P1:Condition250	True
GSM5197601_2	2	GSM5197601	CGXII	glucose				deletion mutant	delta_ndh	exponential				False	True	Condition345	P1	Condition195	P1:Condition345	True
GSM5197606_1	1	GSM5197606	CGXII	lactate				deletion mutant	delta_ndh	exponential				False	True	Condition197	P1	Condition195	P1:Condition197	True
GSM5197606_2	2	GSM5197606	CGXII	lactate				deletion mutant	delta_ndh	exponential				False	True	Condition463	P1	Condition195	P1:Condition463	True
GSM5197607_1	1	GSM5197607	CGXII	lactate				deletion mutant	delta_ndh	exponential				False	True	Condition197	P1	Condition195	P1:Condition197	True
GSM5197607_2	2	GSM5197607	CGXII	lactate				deletion mutant	delta_ndh	exponential				False	True	Condition463	P1	Condition195	P1:Condition463	True
GSM5197615_1	1	GSM5197615	CGXII	glucose				deletion mutant	delta_pup	exponential				False	True	Condition493	P1	Condition195	P1:Condition493	True
GSM5197616_1	1	GSM5197616	CGXII	glucose				deletion mutant	delta_pup	exponential				False	True	Condition493	P1	Condition195	P1:Condition493	True
GSM5197616_2	2	GSM5197616	CGXII	glucose				deletion mutant	delta_pup	exponential				False	True	Condition267	P1	Condition195	P1:Condition267	True
GSM5197617_1	1	GSM5197617	CGXII	glucose				deletion mutant	delta_pup	exponential				False	True	Condition493	P1	Condition195	P1:Condition493	True
GSM5197617_2	2	GSM5197617	CGXII	glucose				deletion mutant	delta_pup	exponential				False	True	Condition267	P1	Condition195	P1:Condition267	True
GSM5197625_1	1	GSM5197625	CGXII	glucose	100 mM glutamat, 35 µM FeSO4			deletion mutant	delta_acn	exponential				False	True	Condition259	P1	Condition195	P1:Condition259	True
GSM5197625_2	2	GSM5197625	CGXII	glucose	100 mM glutamat, 35 µM FeSO4			deletion mutant	delta_acn	exponential				False	True	Condition293	P1	Condition195	P1:Condition293	True
GSM5197627_1	1	GSM5197627	CGXII	glucose	100 mM glutamat, 35 µM FeSO4			deletion mutant	delta_acn	exponential				False	True	Condition259	P1	Condition195	P1:Condition259	True
GSM5197627_2	2	GSM5197627	CGXII	glucose	100 mM glutamat, 35 µM FeSO4			deletion mutant	delta_acn	exponential				False	True	Condition293	P1	Condition195	P1:Condition293	True
GSM5197634_1	1	GSM5197634	CGXII	glucose				deletion mutant	delta_alpC	exponential				False	True	Condition335	P1	Condition195	P1:Condition335	True
GSM5197634_2	2	GSM5197634	CGXII	glucose				deletion mutant	delta_alpC	exponential				False	True	Condition105	P1	Condition195	P1:Condition105	True
GSM5197635_1	1	GSM5197635	CGXII	glucose				deletion mutant	delta_alpC	exponential				False	True	Condition335	P1	Condition195	P1:Condition335	True
GSM5197635_2	2	GSM5197635	CGXII	glucose				deletion mutant	delta_alpC	exponential				False	True	Condition105	P1	Condition195	P1:Condition105	True
GSM5197636_1	1	GSM5197636	CGXII	glucose				deletion mutant	delta_alpC	exponential				False	True	Condition335	P1	Condition195	P1:Condition335	True
GSM5197636_2	2	GSM5197636	CGXII	glucose				deletion mutant	delta_alpC	exponential				False	True	Condition105	P1	Condition195	P1:Condition105	True
GSM5197637_1	1	GSM5197637	CGXII	glucose	0.5 mM IPTG			wild type + overexpression	WT pEKEx2-alpC	exponential				False	True	Condition279	P1	Condition195	P1:Condition279	True
GSM5197637_2	2	GSM5197637	CGXII	glucose	0.5 mM IPTG			wild type + overexpression	WT pEKEx2-alpC	exponential				False	True	Condition414	P1	Condition195	P1:Condition414	True
GSM5197638_1	1	GSM5197638	CGXII	glucose	0.5 mM IPTG			wild type + overexpression	WT pEKEx2-alpC	exponential				False	True	Condition279	P1	Condition195	P1:Condition279	True
GSM5197638_2	2	GSM5197638	CGXII	glucose	0.5 mM IPTG			wild type + overexpression	WT pEKEx2-alpC	exponential				False	True	Condition414	P1	Condition195	P1:Condition414	True
GSM5197639_1	1	GSM5197639	CGXII	glucose	0.5 mM IPTG			wild type + overexpression	WT pEKEx2-alpC	exponential				False	True	Condition279	P1	Condition195	P1:Condition279	True
GSM5197639_2	2	GSM5197639	CGXII	glucose	0.5 mM IPTG			wild type + overexpression	WT pEKEx2-alpC	exponential				False	True	Condition414	P1	Condition195	P1:Condition414	True
GSM5197640_1	1	GSM5197640	CGXII	glucose	0.5 mM IPTG			wild type + overexpression	WT pEKEx2-alpC	exponential				False	True	Condition279	P1	Condition195	P1:Condition279	True
GSM5197644_2	2	GSM5197644	CGXII	glucose				deletion mutant	delta_gntR2	exponential				False	True	Condition529	P1	Condition195	P1:Condition529	True
GSM5197645_2	2	GSM5197645	CGXII	glucose				deletion mutant	delta_gntR2	exponential				False	True	Condition529	P1	Condition195	P1:Condition529	True
GSM5197646_1	1	GSM5197646	CGXII	gluconate				deletion mutant	delta_gntR2	exponential				False	True	Condition478	P1	Condition195	P1:Condition478	True
GSM5197647_1	1	GSM5197647	CGXII	gluconate				deletion mutant	delta_gntR2	exponential				False	True	Condition478	P1	Condition195	P1:Condition478	True
GSM5197651_1	1	GSM5197651	CGXII	gluconate				deletion mutant	delta_gntR12	exponential				False	True	Condition238	P1	Condition195	P1:Condition238	True
GSM5197651_2	2	GSM5197651	CGXII	gluconate				deletion mutant	delta_gntR12	exponential				False	True	Condition416	P1	Condition195	P1:Condition416	True
GSM5197653_1	1	GSM5197653	CGXII	gluconate				deletion mutant	delta_gntR12	exponential				False	True	Condition238	P1	Condition195	P1:Condition238	True
GSM5197653_2	2	GSM5197653	CGXII	gluconate				deletion mutant	delta_gntR12	exponential				False	True	Condition416	P1	Condition195	P1:Condition416	True
GSM5197661_2	2	GSM5197661	CGXII	glucose				deletion mutant	delta_gntR1	exponential				False	True	Condition442	P1	Condition195	P1:Condition442	True
GSM5197662_2	2	GSM5197662	CGXII	glucose				deletion mutant	delta_gntR1	exponential				False	True	Condition442	P1	Condition195	P1:Condition442	True
GSM5197663_1	1	GSM5197663	CGXII	gluconate				deletion mutant	delta_gntR1	exponential				False	True	Condition391	P1	Condition195	P1:Condition391	True
GSM5197664_1	1	GSM5197664	CGXII	gluconate				deletion mutant	delta_gntR1	exponential				False	True	Condition391	P1	Condition195	P1:Condition391	True
GSM5197665_1	1	GSM5197665	CGXII	glucose				deletion mutant	delta_cg2040	exponential				False	True	Condition210	P1	Condition195	P1:Condition210	True
GSM5197665_2	2	GSM5197665	CGXII	glucose				deletion mutant	delta_cg2040	exponential				False	True	Condition52	P1	Condition195	P1:Condition52	True
GSM5197666_1	1	GSM5197666	CGXII	glucose				deletion mutant	delta_cg2040	exponential				False	True	Condition210	P1	Condition195	P1:Condition210	True
GSM5197666_2	2	GSM5197666	CGXII	glucose				deletion mutant	delta_cg2040	exponential				False	True	Condition52	P1	Condition195	P1:Condition52	True
GSM5197667_1	1	GSM5197667	CGXII	glucose				deletion mutant	delta_cg2040	exponential				False	True	Condition210	P1	Condition195	P1:Condition210	True
GSM5197667_2	2	GSM5197667	CGXII	glucose				deletion mutant	delta_cg2040	exponential				False	True	Condition52	P1	Condition195	P1:Condition52	True
GSM5197700_1	1	GSM5197700	CGXII	glucose				deletion mutant	delta_recA	exponential	30 min after addition of 0.6 µM mitomycin C			False	True	Condition77	P1	Condition195	P1:Condition77	True
GSM5197701_1	1	GSM5197701	CGXII	glucose				deletion mutant	delta_recA	exponential	30 min after addition of 0.6 µM mitomycin C			False	True	Condition77	P1	Condition195	P1:Condition77	True
GSM5197702_1	1	GSM5197702	CGXII	glucose				deletion mutant	delta_cg2151	exponential				False	True	Condition167	P1	Condition195	P1:Condition167	True
GSM5197702_2	2	GSM5197702	CGXII	glucose				deletion mutant	delta_cg2151	exponential				False	True	Condition89	P1	Condition195	P1:Condition89	True
GSM5197703_1	1	GSM5197703	CGXII	glucose				deletion mutant	delta_cg2151	exponential				False	True	Condition167	P1	Condition195	P1:Condition167	True
GSM5197703_2	2	GSM5197703	CGXII	glucose				deletion mutant	delta_cg2151	exponential				False	True	Condition89	P1	Condition195	P1:Condition89	True
GSM5197704_1	1	GSM5197704	CGXII	glucose				deletion mutant	delta_cg2151	exponential				False	True	Condition167	P1	Condition195	P1:Condition167	True
GSM5197704_2	2	GSM5197704	CGXII	glucose				deletion mutant	delta_cg2151	exponential				False	True	Condition89	P1	Condition195	P1:Condition89	True
GSM5197710_1	1	GSM5197710	CGXII	glucose	2.5 µM haemin			deletion mutant	delta_chrSA	exponential				False	True	Condition166	P1	Condition195	P1:Condition166	True
GSM5197710_2	2	GSM5197710	CGXII	glucose	2.5 µM haemin			deletion mutant	delta_chrSA	exponential				False	True	Condition30	P1	Condition195	P1:Condition30	True
GSM5197711_1	1	GSM5197711	CGXII	glucose	2.5 µM haemin			deletion mutant	delta_chrSA	exponential				False	True	Condition166	P1	Condition195	P1:Condition166	True
GSM5197711_2	2	GSM5197711	CGXII	glucose	2.5 µM haemin			deletion mutant	delta_chrSA	exponential				False	True	Condition30	P1	Condition195	P1:Condition30	True
GSM5197712_1	1	GSM5197712	CGXII	glucose	2.5 µM haemin			deletion mutant	delta_chrSA	exponential				False	True	Condition166	P1	Condition195	P1:Condition166	True
GSM5197712_2	2	GSM5197712	CGXII	glucose	2.5 µM haemin			deletion mutant	delta_chrSA	exponential				False	True	Condition30	P1	Condition195	P1:Condition30	True
GSM5197713_1	1	GSM5197713	CGXII	glucose	5 µM haemin			deletion mutant	delta_chrSA	exponential				False	True	Condition51	P1	Condition195	P1:Condition51	True
GSM5197713_2	2	GSM5197713	CGXII	glucose	5 µM haemin			deletion mutant	delta_chrSA	exponential				False	True	Condition299	P1	Condition195	P1:Condition299	True
GSM5197714_1	1	GSM5197714	CGXII	glucose	5 µM haemin			deletion mutant	delta_chrSA	exponential				False	True	Condition51	P1	Condition195	P1:Condition51	True
GSM5197714_2	2	GSM5197714	CGXII	glucose	5 µM haemin			deletion mutant	delta_chrSA	exponential				False	True	Condition299	P1	Condition195	P1:Condition299	True
GSM5197715_1	1	GSM5197715	CGXII	glucose	5 µM haemin			deletion mutant	delta_chrSA	exponential				False	True	Condition51	P1	Condition195	P1:Condition51	True
GSM5197715_2	2	GSM5197715	CGXII	glucose	5 µM haemin			deletion mutant	delta_chrSA	exponential				False	True	Condition299	P1	Condition195	P1:Condition299	True
GSM5197720_1	1	GSM5197720	CGXII	glucose	2.5 µM haemin			deletion mutant	delta_chrSA	exponential				False	True	Condition542	P1	Condition195	P1:Condition542	True
GSM5197720_2	2	GSM5197720	CGXII	glucose	2.5 µM haemin			deletion mutant	delta_chrSA	exponential				False	True	Condition344	P1	Condition195	P1:Condition344	True
GSM5197721_1	1	GSM5197721	CGXII	glucose	2.5 µM haemin			deletion mutant	delta_chrSA	exponential				False	True	Condition542	P1	Condition195	P1:Condition542	True
GSM5197721_2	2	GSM5197721	CGXII	glucose	2.5 µM haemin			deletion mutant	delta_chrSA	exponential				False	True	Condition344	P1	Condition195	P1:Condition344	True
GSM5197742_1	1	GSM5197742	CGXII	glucose	2.5 µM FeSO4			deletion mutant	delta_hrrA	exponential				False	True	Condition65	P1	Condition195	P1:Condition65	True
GSM5197742_2	2	GSM5197742	CGXII	glucose	2.5 µM FeSO4			deletion mutant	delta_hrrA	exponential				False	True	Condition78	P1	Condition195	P1:Condition78	True
GSM5197743_1	1	GSM5197743	CGXII	glucose	2.5 µM FeSO4			deletion mutant	delta_hrrA	exponential				False	True	Condition65	P1	Condition195	P1:Condition65	True
GSM5197743_2	2	GSM5197743	CGXII	glucose	2.5 µM FeSO4			deletion mutant	delta_hrrA	exponential				False	True	Condition78	P1	Condition195	P1:Condition78	True
GSM5197748_1	1	GSM5197748	CGXII	glucose				deletion mutant	delta_qcrA	exponential				False	True	Condition323	P1	Condition195	P1:Condition323	True
GSM5197749_1	1	GSM5197749	CGXII	glucose				deletion mutant	delta_qcrA	exponential				False	True	Condition323	P1	Condition195	P1:Condition323	True
GSM5197751_1	1	GSM5197751	CGXII	glucose				deletion mutant	delta_surf1	exponential				False	True	Condition257	P1	Condition195	P1:Condition257	True
GSM5197751_2	2	GSM5197751	CGXII	glucose				deletion mutant	delta_surf1	exponential				False	True	Condition70	P1	Condition195	P1:Condition70	True
GSM5197752_1	1	GSM5197752	CGXII	glucose				deletion mutant	delta_surf1	exponential				False	True	Condition257	P1	Condition195	P1:Condition257	True
GSM5197752_2	2	GSM5197752	CGXII	glucose				deletion mutant	delta_surf1	exponential				False	True	Condition70	P1	Condition195	P1:Condition70	True
GSM5197754_2	2	GSM5197754	CGXII	glucose				deletion mutant	delta_surf1	exponential				False	True	Condition70	P1	Condition195	P1:Condition70	True
GSM5197755_1	1	GSM5197755	CGXII	glucose				deletion mutant	delta_ctiP	exponential				False	True	Condition203	P1	Condition195	P1:Condition203	True
GSM5197756_1	1	GSM5197756	CGXII	glucose				deletion mutant	delta_ctiP	exponential				False	True	Condition203	P1	Condition195	P1:Condition203	True
GSM5197765_1	1	GSM5197765	CGXII	glucose				deletion mutant	delta_fasR	exponential				False	True	Condition517	P1	Condition195	P1:Condition517	True
GSM5197765_2	2	GSM5197765	CGXII	glucose				deletion mutant	delta_fasR	exponential				False	True	Condition370	P1	Condition195	P1:Condition370	True
GSM5197766_1	1	GSM5197766	CGXII	glucose				deletion mutant	delta_fasR	exponential				False	True	Condition517	P1	Condition195	P1:Condition517	True
GSM5197766_2	2	GSM5197766	CGXII	glucose				deletion mutant	delta_fasR	exponential				False	True	Condition370	P1	Condition195	P1:Condition370	True
GSM5197770_1	1	GSM5197770	CGXII	glucose				deletion mutant + control	delta_cpdA pEKEx2	exponential				False	True	Condition58	P1	Condition195	P1:Condition58	True
GSM5197771_1	1	GSM5197771	CGXII	glucose				deletion mutant + control	delta_cpdA pEKEx2	exponential				False	True	Condition58	P1	Condition195	P1:Condition58	True
GSM5197774_2	2	GSM5197774	CGXII	glucose				deletion mutant	delta_ctaD	exponential				False	True	Condition234	P1	Condition195	P1:Condition234	True
GSM5197775_2	2	GSM5197775	CGXII	glucose				deletion mutant	delta_ctaD	exponential				False	True	Condition234	P1	Condition195	P1:Condition234	True
GSM5197781_1	1	GSM5197781	CGXII	glucose				deletion mutant	delta_cg2842	exponential				False	True	Condition474	P1	Condition195	P1:Condition474	True
GSM5197781_2	2	GSM5197781	CGXII	glucose				deletion mutant	delta_cg2842	exponential				False	True	Condition431	P1	Condition195	P1:Condition431	True
GSM5197782_1	1	GSM5197782	CGXII	glucose				deletion mutant	delta_cg2842	exponential				False	True	Condition474	P1	Condition195	P1:Condition474	True
GSM5197782_2	2	GSM5197782	CGXII	glucose				deletion mutant	delta_cg2842	exponential				False	True	Condition431	P1	Condition195	P1:Condition431	True
GSM5197784_1	1	GSM5197784	CGXII	glucose				deletion mutant	delta_cg2842	exponential				False	True	Condition474	P1	Condition195	P1:Condition474	True
GSM5197788_1	1	GSM5197788	CGXII	glucose				deletion mutant	delta_cgtSR5	exponential				False	True	Condition452	P1	Condition195	P1:Condition452	True
GSM5197788_2	2	GSM5197788	CGXII	glucose				deletion mutant	delta_cgtSR5	exponential				False	True	Condition325	P1	Condition195	P1:Condition325	True
GSM5197790_1	1	GSM5197790	CGXII	glucose				deletion mutant	delta_cgtSR5	exponential				False	True	Condition452	P1	Condition195	P1:Condition452	True
GSM5197790_2	2	GSM5197790	CGXII	glucose				deletion mutant	delta_cgtSR5	exponential				False	True	Condition325	P1	Condition195	P1:Condition325	True
GSM5197791_2	2	GSM5197791	CGXII	glucose				deletion mutant	delta_cgtSR5	exponential				False	True	Condition325	P1	Condition195	P1:Condition325	True
GSM5197794_2	2	GSM5197794	CGXII	glucose				deletion mutant	delta_cgtSR5	exponential				False	True	Condition325	P1	Condition195	P1:Condition325	True
GSM5197795_1	1	GSM5197795	CGXII	glucose				deletion mutant	delta_cgtSR5	stationary			20.0	False	True	Condition218	P1	Condition195	P1:Condition218	True
GSM5197795_2	2	GSM5197795	CGXII	glucose				deletion mutant	delta_cgtSR5	stationary			20.0	False	True	Condition284	P1	Condition195	P1:Condition284	True
GSM5197796_1	1	GSM5197796	CGXII	glucose				deletion mutant	delta_cgtSR5	stationary			20.0	False	True	Condition218	P1	Condition195	P1:Condition218	True
GSM5197796_2	2	GSM5197796	CGXII	glucose				deletion mutant	delta_cgtSR5	stationary			20.0	False	True	Condition284	P1	Condition195	P1:Condition284	True
GSM5197797_1	1	GSM5197797	CGXII	glucose				deletion mutant	delta_cgtSR5	stationary			20.0	False	True	Condition218	P1	Condition195	P1:Condition218	True
GSM5197819_1	1	GSM5197819	CGXII	glucose	20 µM CuSO4			deletion mutant	delta_copSR	exponential				False	True	Condition194	P1	Condition195	P1:Condition194	True
GSM5197819_2	2	GSM5197819	CGXII	glucose	20 µM CuSO4			deletion mutant	delta_copSR	exponential				False	True	Condition28	P1	Condition195	P1:Condition28	True
GSM5197822_1	1	GSM5197822	CGXII	glucose	20 µM CuSO4			deletion mutant	delta_copSR	exponential				False	True	Condition194	P1	Condition195	P1:Condition194	True
GSM5197822_2	2	GSM5197822	CGXII	glucose	20 µM CuSO4			deletion mutant	delta_copSR	exponential				False	True	Condition28	P1	Condition195	P1:Condition28	True
GSM5197824_1	1	GSM5197824	CGXII	glucose				deletion mutant	delta_cgtSR5 delta_copSR	exponential				False	True	Condition106	P1	Condition195	P1:Condition106	True
GSM5197824_2	2	GSM5197824	CGXII	glucose				deletion mutant	delta_cgtSR5 delta_copSR	exponential				False	True	Condition515	P1	Condition195	P1:Condition515	True
GSM5197826_1	1	GSM5197826	CGXII	glucose				deletion mutant	delta_cgtSR5 delta_copSR	exponential				False	True	Condition106	P1	Condition195	P1:Condition106	True
GSM5197826_2	2	GSM5197826	CGXII	glucose				deletion mutant	delta_cgtSR5 delta_copSR	exponential				False	True	Condition515	P1	Condition195	P1:Condition515	True
GSM5197827_2	2	GSM5197827	CGXII	glucose	20 µM CuSO4			deletion mutant	delta_cgtSR5 delta_copSR	exponential				False	True	Condition403	P1	Condition195	P1:Condition403	True
GSM5197828_2	2	GSM5197828	CGXII	glucose	20 µM CuSO4			deletion mutant	delta_cgtSR5 delta_copSR	exponential				False	True	Condition403	P1	Condition195	P1:Condition403	True
GSM5197836_1	1	GSM5197836	CGXII	glucose				deletion mutant	delta_lcpB	exponential				False	True	Condition4	P1	Condition195	P1:Condition4	True
GSM5197836_2	2	GSM5197836	CGXII	glucose				deletion mutant	delta_lcpB	exponential				False	True	Condition317	P1	Condition195	P1:Condition317	True
GSM5197837_1	1	GSM5197837	CGXII	glucose				deletion mutant	delta_lcpB	exponential				False	True	Condition4	P1	Condition195	P1:Condition4	True
GSM5197837_2	2	GSM5197837	CGXII	glucose				deletion mutant	delta_lcpB	exponential				False	True	Condition317	P1	Condition195	P1:Condition317	True
GSM5197838_1	1	GSM5197838	CGXII	glucose				deletion mutant	delta_lcpB	exponential				False	True	Condition4	P1	Condition195	P1:Condition4	True
GSM5197838_2	2	GSM5197838	CGXII	glucose				deletion mutant	delta_lcpB	exponential				False	True	Condition317	P1	Condition195	P1:Condition317	True
GSM5197839_1	1	GSM5197839	CGXII	glucose				deletion mutant	delta_lcpB	exponential				False	True	Condition4	P1	Condition195	P1:Condition4	True
GSM5197840_1	1	GSM5197840	CGXII	glucose				deletion mutant	delta_malR	exponential				False	True	Condition132	P1	Condition195	P1:Condition132	True
GSM5197840_2	2	GSM5197840	CGXII	glucose				deletion mutant	delta_malR	exponential				False	True	Condition397	P1	Condition195	P1:Condition397	True
GSM5197841_1	1	GSM5197841	CGXII	glucose				deletion mutant	delta_malR	exponential				False	True	Condition132	P1	Condition195	P1:Condition132	True
GSM5197842_1	1	GSM5197842	CGXII	glucose				deletion mutant	delta_malR	exponential				False	True	Condition132	P1	Condition195	P1:Condition132	True
GSM5197842_2	2	GSM5197842	CGXII	glucose				deletion mutant	delta_malR	exponential				False	True	Condition397	P1	Condition195	P1:Condition397	True
GSM5197843_2	2	GSM5197843	CGXII	glucose				deletion mutant	delta_6C	exponential				False	True	Condition524	P1	Condition195	P1:Condition524	True
GSM5197844_2	2	GSM5197844	CGXII	glucose				deletion mutant	delta_6C	exponential				False	True	Condition524	P1	Condition195	P1:Condition524	True
GSM5197873_2	2	GSM5197873	CGXII	glucose				MB001 ( DE3 )	MB001 ( DE3 )	exponential	30 min after addition of 200 µg kasugamycin			False	True	Condition182	P1	Condition195	P1:Condition182	True
GSM5197875_2	2	GSM5197875	CGXII	glucose				MB001 ( DE3 )	MB001 ( DE3 )	exponential	30 min after addition of 200 µg kasugamycin			False	True	Condition182	P1	Condition195	P1:Condition182	True
GSM5197925_1	1	GSM5197925	CGXII	glucose				production strain MV-Leu20 deletion mutant	MV-Leu20 delta_ilvE	exponential				False	True	Condition316	P1	Condition195	P1:Condition316	True
GSM5197925_2	2	GSM5197925	CGXII	glucose				production strain MV-Leu20 deletion mutant	MV-Leu20 delta_ilvE	exponential				False	True	Condition406	P1	Condition195	P1:Condition406	True
GSM5197926_1	1	GSM5197926	CGXII	glucose				production strain MV-Leu20 deletion mutant	MV-Leu20 delta_ilvE	exponential				False	True	Condition316	P1	Condition195	P1:Condition316	True
GSM5197926_2	2	GSM5197926	CGXII	glucose				production strain MV-Leu20 deletion mutant	MV-Leu20 delta_ilvE	exponential				False	True	Condition406	P1	Condition195	P1:Condition406	True
GSM5197941_1	1	GSM5197941	CGXII	glucose				promoter exchange	WT PctaD : :Ptuf PctaE : :Ptuf PctaC : :Ptuf	exponential				False	True	Condition136	P1	Condition195	P1:Condition136	True
GSM5197941_2	2	GSM5197941	CGXII	glucose				promoter exchange	WT PctaD : :Ptuf PctaE : :Ptuf PctaC : :Ptuf	exponential				False	True	Condition480	P1	Condition195	P1:Condition480	True
GSM5197943_1	1	GSM5197943	CGXII	glucose				promoter exchange	WT PctaD : :Ptuf PctaE : :Ptuf PctaC : :Ptuf	exponential				False	True	Condition136	P1	Condition195	P1:Condition136	True
GSM5197943_2	2	GSM5197943	CGXII	glucose				promoter exchange	WT PctaD : :Ptuf PctaE : :Ptuf PctaC : :Ptuf	exponential				False	True	Condition480	P1	Condition195	P1:Condition480	True
GSM5197944_1	1	GSM5197944	CGXII	glucose				promoter exchange	WT PctaD : :Ptuf PctaE : :Ptuf PctaC : :Ptuf	exponential				False	True	Condition136	P1	Condition195	P1:Condition136	True
GSM5197944_2	2	GSM5197944	CGXII	glucose				promoter exchange	WT PctaD : :Ptuf PctaE : :Ptuf PctaC : :Ptuf	exponential				False	True	Condition480	P1	Condition195	P1:Condition480	True
GSM5197945_1	1	GSM5197945	CGXII	glucose				promoter exchange	WT PnrdH : :Ptuf PctaE : :Ptuf PctaC : :Ptuf	exponential				False	True	Condition456	P1	Condition195	P1:Condition456	True
GSM5197945_2	2	GSM5197945	CGXII	glucose				promoter exchange	WT PnrdH : :Ptuf PctaE : :Ptuf PctaC : :Ptuf	exponential				False	True	Condition307	P1	Condition195	P1:Condition307	True
GSM5197946_1	1	GSM5197946	CGXII	glucose				promoter exchange	WT PnrdH : :Ptuf PctaE : :Ptuf PctaC : :Ptuf	exponential				False	True	Condition456	P1	Condition195	P1:Condition456	True
GSM5197946_2	2	GSM5197946	CGXII	glucose				promoter exchange	WT PnrdH : :Ptuf PctaE : :Ptuf PctaC : :Ptuf	exponential				False	True	Condition307	P1	Condition195	P1:Condition307	True
GSM5197947_1	1	GSM5197947	CGXII	glucose				promoter exchange	WT PnrdH : :Ptuf PctaE : :Ptuf PctaC : :Ptuf	exponential				False	True	Condition456	P1	Condition195	P1:Condition456	True
GSM5197947_2	2	GSM5197947	CGXII	glucose				promoter exchange	WT PnrdH : :Ptuf PctaE : :Ptuf PctaC : :Ptuf	exponential				False	True	Condition307	P1	Condition195	P1:Condition307	True
